{
  "three_way": {
    "consistent": {
      "accuracy": 0.9875062468765617,
      "precision": 0.9826989619377162,
      "recall": 0.9605411499436303,
      "f1": 0.9714937286202965,
      "specificity": 0.9951845906902087,
      "roc_auc": 0.9986901941907453
    },
    "clean": {
      "accuracy": 0.7896051974012993,
      "precision": 0.8,
      "recall": 0.06764374295377677,
      "f1": 0.12474012474012475,
      "specificity": 0.9951845906902087,
      "roc_auc": 0.868039688672297
    },
    "flip": {
      "accuracy": 0.40954522738630683,
      "precision": 0.03759398496240601,
      "recall": 0.06764374295377677,
      "f1": 0.04832863471606927,
      "specificity": 0.5069020866773676,
      "roc_auc": 0.19130113771057236
    }
  },
  "ablation": {
    "top_heads": [
      [
        1,
        7
      ],
      [
        8,
        3
      ],
      [
        5,
        1
      ],
      [
        11,
        11
      ],
      [
        8,
        11
      ]
    ],
    "acc_before": 0.7896051974012993,
    "acc_after": 0.7858570714642679
  },
  "marker_tokens": [
    1
  ]
}